{"cameraMode":{"drawMode":0,"name":"Shaded","section":"Shading Mode"},"sceneLighting":true,"audioPlay":false,"sceneViewState":{"showFog":true,"showMaterialUpdate":false,"showSkybox":true,"showFlares":true,"showImageEffects":true,"showParticleSystems":true},"in2DMode":false,"pivot":{"x":0.6254091262817383,"y":0.22837448120117188,"z":-2.2791824340820314},"rotation":{"x":-0.08631421625614166,"y":0.9082431197166443,"z":-0.2326960563659668,"w":-0.33689647912979128},"size":28.619661331176759,"orthographic":false}